Sequence,Modifications,Master Protein Accessions,Master Protein Descriptions,Positions in Master Proteins
ICALDDNVCMAFAGLTADAR,2xCarbamidomethyl [C2; C9]; 1xTMT6plex [N-Term],O14818-1,Proteasome subunit alpha type-7 [OS=Homo sapiens],O14818-1 [62-81]
ICALDDNVCMAFAGLTADAR,2xCarbamidomethyl [C2; C9]; 1xOxidation [M10]; 1xTMT6plex [N-Term],O14818-1,Proteasome subunit alpha type-7 [OS=Homo sapiens],O14818-1 [62-81]
ICANHYITPMMELKPNAGSDR,1xCarbamidomethyl [C2]; 1xOxidation [M]; 1xTMT6plex [K14]; 1xTMT6plex [N-Term],P43487,Ran-specific GTPase-activating protein [OS=Homo sapiens],P43487 [98-118]
ICANHYITPMMELKPNAGSDR,1xCarbamidomethyl [C2]; 2xOxidation [M10; M11]; 1xTMT6plex [K14]; 1xTMT6plex [N-Term],P43487,Ran-specific GTPase-activating protein [OS=Homo sapiens],P43487 [98-118]
LCDFGVSGQLIDSMANSFVGTR,1xCarbamidomethyl [C2]; 1xOxidation [M14]; 1xTMT6plex [N-Term],P36507,"Dual specificity mitogen-activated protein kinase kinase 2 [OS=Homo sapiens]
Dual specificity mitogen-activated protein kinase kinase 1 [OS=Homo sapiens]",P36507 [210-231]
TNMLLQLDGSTPICEDIGR,1xCarbamidomethyl [C14]; 1xTMT6plex [N-Term],O75439,mitochondrial-processing peptidase subunit beta [OS=Homo sapiens],O75439 [406-424]
TNLYQDDAVTGEAAGLALGLVMLGSK,1xOxidation [M22]; 1xTMT6plex [K26]; 1xTMT6plex [N-Term],Q99460,26S proteasome non-ATPase regulatory subunit 1 [OS=Homo sapiens],Q99460 [499-524]
ICDVGVSLPLDENMTVTDPEACYIGTEPWKPK,2xCarbamidomethyl [C2; C22]; 1xOxidation [M14]; 2xTMT6plex [K30; K32]; 1xTMT6plex [N-Term],Q96KB5,Lymphokine-activated killer T-cell-originated protein kinase [OS=Homo sapiens],Q96KB5 [184-215]
ICEDSAEILDSDVLDRPLNIMIPK,1xCarbamidomethyl [C2]; 1xOxidation [M21]; 1xTMT6plex [K24]; 1xTMT6plex [N-Term],Q92973-1,transportin-1 [OS=Homo sapiens],Q92973-1 [163-186]
ICEEQEQALQEMGLHLSQSK,1xCarbamidomethyl [C2]; 1xTMT6plex [K20]; 1xTMT6plex [N-Term],Q96T51,RUN and FYVE domain-containing protein 1 [OS=Homo sapiens],Q96T51 [602-621]
TNISDEESEQATEMLVHNAQNLMQSVK,2xOxidation [M14; M23]; 1xTMT6plex [K27]; 1xTMT6plex [N-Term],P18206,Vinculin [OS=Homo sapiens],P18206 [1077-1103]
ICEMAAYFTHSNLQPVHMILVLR,1xCarbamidomethyl [C2]; 1xOxidation [M]; 1xTMT6plex [N-Term],P53621-2,Isoform 2 of Coatomer subunit alpha [OS=Homo sapiens],P53621-2 [1093-1115]
LCETVMAQILEHLK,1xCarbamidomethyl [C2]; 1xTMT6plex [K14]; 1xTMT6plex [N-Term],Q7Z3J2-1,UPF0505 protein C16orf62 [OS=Homo sapiens],Q7Z3J2-1 [863-876]
TNISDEESEQATEMLVHNAQNLMQSVK,1xOxidation [M14]; 1xTMT6plex [K27]; 1xTMT6plex [N-Term],P18206,Vinculin [OS=Homo sapiens],P18206 [1077-1103]
TNISDEESEQATEMLVHNAQNLMQSVK,1xTMT6plex [K27]; 1xTMT6plex [N-Term],P18206,Vinculin [OS=Homo sapiens],P18206 [1077-1103]
ICGVEDAVSEMTR,1xCarbamidomethyl [C2]; 1xTMT6plex [N-Term],P78330,phosphoserine phosphatase [OS=Homo sapiens],P78330 [37-49]
LCHLLGMNVMEFTR,1xCarbamidomethyl [C2]; 1xOxidation [M]; 1xTMT6plex [N-Term],P35580-4,Isoform 4 of Myosin-10 [OS=Homo sapiens],P35580-4 [391-404]
ICEDSSELLDSDALNRPLNIMIPK,1xCarbamidomethyl [C2]; 1xTMT6plex [K24]; 1xTMT6plex [N-Term],O14787,Transportin-2 [OS=Homo sapiens],O14787 [153-176]
LCPQLMPMLEEALR,1xCarbamidomethyl [C2]; 1xTMT6plex [N-Term],Q8TEX9-2,Isoform 2 of Importin-4 [OS=Homo sapiens],Q8TEX9-2 [349-362]