Sequence,Modifications,Master.Protein.Accessions,Master.Protein.Descriptions,Positions.in.Master.Proteins,Sequence,MaxSimilarity,Pfam_Acc,Pfam_ID,Description,Clan_Acc,Clan_ID,UniprotCode,UniprotID
ICALDDNVCMAFAGLTADAR,2xCarbamidomethyl [C2; C9]; 1xTMT6plex [N-Term],O14818-1,Proteasome subunit alpha type-7 [OS=Homo sapiens],O14818-1 [62-81],ICALDDNVCMAFAGLTADAR,1,PF00227,Proteasome, Proteasome subunit,CL0052,NTN,O14818,PSA7_HUMAN
ICALDDNVCMAFAGLTADAR,2xCarbamidomethyl [C2; C9]; 1xOxidation [M10]; 1xTMT6plex [N-Term],O14818-1,Proteasome subunit alpha type-7 [OS=Homo sapiens],O14818-1 [62-81],ICALDDNVCMAFAGLTADAR,1,PF00227,Proteasome, Proteasome subunit,CL0052,NTN,O14818,PSA7_HUMAN
ICANHYITPMMELKPNAGSDR,1xCarbamidomethyl [C2]; 1xOxidation [M]; 1xTMT6plex [K14]; 1xTMT6plex [N-Term],P43487,Ran-specific GTPase-activating protein [OS=Homo sapiens],P43487 [98-118],ICANHYITPMMELKPNAGSDR,1,PF00638,Ran_BP1, RanBP1 domain,CL0266,PH,P43487,RANG_HUMAN
ICANHYITPMMELKPNAGSDR,1xCarbamidomethyl [C2]; 2xOxidation [M10; M11]; 1xTMT6plex [K14]; 1xTMT6plex [N-Term],P43487,Ran-specific GTPase-activating protein [OS=Homo sapiens],P43487 [98-118],ICANHYITPMMELKPNAGSDR,1,PF00638,Ran_BP1, RanBP1 domain,CL0266,PH,P43487,RANG_HUMAN
LCDFGVSGQLIDSMANSFVGTR,1xCarbamidomethyl [C2]; 1xOxidation [M14]; 1xTMT6plex [N-Term],P36507,Dual specificity mitogen-activated protein kinase kinase 2 [OS=Homo sapiens],,,,,,,,,,
Dual specificity mitogen-activated protein kinase kinase 1 [OS=Homo sapiens],P36507 [210-231],LCDFGVSGQLIDSMANSFVGTR,0.636363636,PF00069,Pkinase, Protein kinase domain,CL0016,PKinase,P36507,MP2K2_HUMAN,,,
TNMLLQLDGSTPICEDIGR,1xCarbamidomethyl [C14]; 1xTMT6plex [N-Term],O75439,mitochondrial-processing peptidase subunit beta [OS=Homo sapiens],O75439 [406-424],NA,NA,NA,NA,NA,NA,NA,NA,NA
TNLYQDDAVTGEAAGLALGLVMLGSK,1xOxidation [M22]; 1xTMT6plex [K26]; 1xTMT6plex [N-Term],Q99460,26S proteasome non-ATPase regulatory subunit 1 [OS=Homo sapiens],Q99460 [499-524],TNLYQDDAVTGEAAGLALGLVMLGSK,0.538461538,PF01851,PC_rep, Proteasome/cyclosome repeat,CL0020,TPR,Q99460,PSMD1_HUMAN
ICDVGVSLPLDENMTVTDPEACYIGTEPWKPK,2xCarbamidomethyl [C2; C22]; 1xOxidation [M14]; 2xTMT6plex [K30; K32]; 1xTMT6plex [N-Term],Q96KB5,Lymphokine-activated killer T-cell-originated protein kinase [OS=Homo sapiens],Q96KB5 [184-215],ICDVGVSLPLDENMTVTDPEACYIGTEPWKPK,0.53125,PF00069,Pkinase, Protein kinase domain,CL0016,PKinase,Q96KB5,TOPK_HUMAN
ICEDSAEILDSDVLDRPLNIMIPK,1xCarbamidomethyl [C2]; 1xOxidation [M21]; 1xTMT6plex [K24]; 1xTMT6plex [N-Term],Q92973-1,transportin-1 [OS=Homo sapiens],Q92973-1 [163-186],ICEDSAEILDSDVLDRPLNIMIPK,1,PF13513,HEAT_EZ, HEAT-like repeat,CL0020,TPR,Q92973,TNPO1_HUMAN
ICEEQEQALQEMGLHLSQSK,1xCarbamidomethyl [C2]; 1xTMT6plex [K20]; 1xTMT6plex [N-Term],Q96T51,RUN and FYVE domain-containing protein 1 [OS=Homo sapiens],Q96T51 [602-621],ICEEQEQALQEMGLHLSQSK,0.1,PF01363,FYVE, FYVE zinc finger,CL0390,zf-FYVE-PHD,Q96T51,RUFY1_HUMAN
TNISDEESEQATEMLVHNAQNLMQSVK,2xOxidation [M14; M23]; 1xTMT6plex [K27]; 1xTMT6plex [N-Term],P18206,Vinculin [OS=Homo sapiens],P18206 [1077-1103],TNISDEESEQATEMLVHNAQNLMQSVK,1,PF01044,Vinculin,Vinculin family,-,-,P18206,VINC_HUMAN
ICEMAAYFTHSNLQPVHMILVLR,1xCarbamidomethyl [C2]; 1xOxidation [M]; 1xTMT6plex [N-Term],P53621-2,Isoform 2 of Coatomer subunit alpha [OS=Homo sapiens],P53621-2 [1093-1115],NA,NA,NA,NA,NA,NA,NA,NA,NA
LCETVMAQILEHLK,1xCarbamidomethyl [C2]; 1xTMT6plex [K14]; 1xTMT6plex [N-Term],Q7Z3J2-1,UPF0505 protein C16orf62 [OS=Homo sapiens],Q7Z3J2-1 [863-876],NA,NA,NA,NA,NA,NA,NA,NA,NA
TNISDEESEQATEMLVHNAQNLMQSVK,1xOxidation [M14]; 1xTMT6plex [K27]; 1xTMT6plex [N-Term],P18206,Vinculin [OS=Homo sapiens],P18206 [1077-1103],TNISDEESEQATEMLVHNAQNLMQSVK,1,PF01044,Vinculin,Vinculin family,-,-,P18206,VINC_HUMAN
TNISDEESEQATEMLVHNAQNLMQSVK,1xTMT6plex [K27]; 1xTMT6plex [N-Term],P18206,Vinculin [OS=Homo sapiens],P18206 [1077-1103],TNISDEESEQATEMLVHNAQNLMQSVK,1,PF01044,Vinculin,Vinculin family,-,-,P18206,VINC_HUMAN
ICGVEDAVSEMTR,1xCarbamidomethyl [C2]; 1xTMT6plex [N-Term],P78330,phosphoserine phosphatase [OS=Homo sapiens],P78330 [37-49],ICGVEDAVSEMTR,0.692307692,PF12710,HAD, haloacid dehalogenase-like hydrolase,CL0137,HAD,P78330,SERB_HUMAN
LCHLLGMNVMEFTR,1xCarbamidomethyl [C2]; 1xOxidation [M]; 1xTMT6plex [N-Term],P35580-4,Isoform 4 of Myosin-10 [OS=Homo sapiens],P35580-4 [391-404],LCHLLGMNVMEFTR,1,PF00063,Myosin_head, Myosin head (motor domain),CL0023,P-loop_NTPase,P35580,MYH10_HUMAN
ICEDSSELLDSDALNRPLNIMIPK,1xCarbamidomethyl [C2]; 1xTMT6plex [K24]; 1xTMT6plex [N-Term],O14787,Transportin-2 [OS=Homo sapiens],O14787 [153-176],NA,NA,NA,NA,NA,NA,NA,NA,NA